frame,time_s,root_x_m,root_y_m,root_z_m,speed_mps,accel_mps2,heading_rad,turn_rate_rad_s,left_contact,right_contact
0,0.0,-0.03669949248433113,0.9951646327972412,0.0026776883751153946,0.08103169275389326,0.5536927813189974,-0.7319487094463066,-0.37718613661708145,1,1
1,0.03333333333333333,-0.03850466385483742,0.9950618743896484,0.004686932545155287,0.09948811879785983,0.546365036434876,-0.744521580666876,-1.426488918221443,1,1
2,0.06666666666666667,-0.04119383543729782,0.9946907758712769,0.007555339951068163,0.11745602851621832,0.40606028510278525,-0.8270479706610695,-3.4343146869795445,1,1
3,0.1,-0.04426733776926994,0.9938091039657593,0.009988515637814999,0.12655880447137885,0.4259993597738895,-0.973475893132179,-3.749531177699204,1,1
4,0.13333333333333333,-0.048170141875743866,0.9928495287895203,0.012300695292651653,0.14585598583447762,0.5121690063813975,-1.0770167158410164,-2.648470491929864,1,1
5,0.16666666666666666,-0.052829548716545105,0.9924253821372986,0.0145971504971385,0.16070340489680535,0.24080320393795165,-1.15004059259417,-1.271713689256836,1,1
6,0.2,-0.05794927105307579,0.9925873875617981,0.016676653176546097,0.1619095327636744,-0.32209396327759865,-1.1617976284581388,1.609652877818304,1,1
7,0.23333333333333334,-0.0627332255244255,0.9934113025665283,0.018889812752604485,0.1392304740116321,-0.6510136082302352,-1.0427304007396163,7.988366157250831,0,1
8,0.26666666666666666,-0.06596693396568298,0.9932745099067688,0.021353531628847122,0.11850862554832538,0.17657825038071145,-0.6292398846414168,14.119248143359387,0,1
9,0.3,-0.06738295406103134,0.9924364686012268,0.025277230888605118,0.1510023573703462,1.454052934358574,-0.10144719118232381,11.550012204015125,0,1
10,0.3333333333333333,-0.06698643416166306,0.9899744391441345,0.031368598341941833,0.21544548783889697,1.8015656739664119,0.14076092895959152,4.75840592876688,0,1
11,0.36666666666666664,-0.06536787003278732,0.9850285053253174,0.03949820622801781,0.27110673563477367,1.1610877243248225,0.21577987073546817,1.0978274538673813,0,1
12,0.4,-0.06311666965484619,0.9764319062232971,0.04902324452996254,0.2928513361272185,0.09992792369887982,0.2139494258840836,-1.1467834425001382,0,1
13,0.43333333333333335,-0.06122263893485069,0.9629426002502441,0.058576494455337524,0.277768597214699,-0.8597396685723747,0.13932764123545896,-2.5381780754860395,1,1
14,0.4666666666666667,-0.060544952750205994,0.9445388913154602,0.06736170500516891,0.2355353582223935,-1.2465671561559868,0.044737554185014315,-3.039493059599248,1,1
15,0.5,-0.060520388185977936,0.9240239858627319,0.07426314055919647,0.1946641201376332,-0.5524370594372308,-0.0633052294044909,-5.088212360014948,1,0
16,0.5333333333333333,-0.06136595457792282,0.9056864976882935,0.0803133174777031,0.1987062209265781,0.9560719368031261,-0.29447660314931556,-7.462675386389227,1,0
17,0.5666666666666667,-0.0643652081489563,0.8909811973571777,0.0869399905204773,0.2584022492578416,2.163394228333708,-0.5608169218304394,-6.104651201167187,1,0
18,0.6,-0.07052852213382721,0.8811771273612976,0.09490134567022324,0.342932502815492,2.814814987915771,-0.7014533498937947,-2.4873812827692934,1,0
19,0.6333333333333333,-0.07911881804466248,0.8777902126312256,0.104404516518116,0.4460565817855597,3.4777947444994015,-0.7266423406817256,0.12511031301685238,1,0
20,0.6666666666666666,-0.09028477966785431,0.8831335306167603,0.11712713539600372,0.5747854857821187,4.395375758650548,-0.6931126623593379,1.552436678424301,1,0
21,0.7,-0.10360217839479446,0.8982666730880737,0.1338818520307541,0.7390816323622629,4.941282151435464,-0.6231465621201056,2.0597944761888467,1,0
22,0.7333333333333333,-0.11903964728116989,0.9229192733764648,0.15713836252689362,0.9042042958778164,4.014167015883551,-0.5557930306134148,1.3428473311080769,1,0
23,0.7666666666666667,-0.13540709018707275,0.9532060623168945,0.1850888878107071,1.0066927667544996,2.1583866044250106,-0.5336234067129004,-0.2659046007203181,1,0
24,0.8,-0.15317702293395996,0.9818089008331299,0.21492049098014832,1.048096736172817,0.38174357872743925,-0.5735200039947693,-1.5971987957530582,0,0
25,0.8333333333333334,-0.17331969738006592,1.003418207168579,0.24378204345703125,1.0321423386696622,-1.0966048235172206,-0.640103326429771,-1.758812040694503,0,0
26,0.8666666666666667,-0.19427543878555298,1.016373634338379,0.27010804414749146,0.9749897479383357,-1.4525981381993802,-0.6907741400410695,-1.2938740686263417,0,0
27,0.9,-0.21473297476768494,1.0206619501113892,0.2938804626464844,0.9353024627897035,-1.5431928874461853,-0.7263615976715271,-1.073470797440353,0,0
28,0.9333333333333333,-0.2356877624988556,1.015066146850586,0.3167232573032379,0.87211022210859,-3.274475974346654,-0.7623388598704264,-1.596820812153182,0,0
29,0.9666666666666667,-0.25488579273223877,1.0008649826049805,0.33592912554740906,0.7170040644999266,-4.116464634840627,-0.8328163184817392,-2.2832962988189487,0,0
30,1.0,-0.2710517942905426,0.9800416231155396,0.3488830327987671,0.5976792464525482,-2.406333527339265,-0.914558613125023,-1.0970883526349158,0,0
31,1.0333333333333334,-0.2864549458026886,0.9510117769241333,0.3602403402328491,0.5565818293439756,-1.3992619738877072,-0.9059555419907336,1.379843496905201,0,1
32,1.0666666666666667,-0.30025434494018555,0.920384407043457,0.3717746436595917,0.5043951148600344,-1.5651787121398133,-0.8225690466646762,2.711515157998809,0,1
33,1.1,-0.3110995590686798,0.9002453088760376,0.3831177055835724,0.45223658186798804,-1.004059272319686,-0.725187864790813,2.349946742799083,0,1
34,1.1333333333333333,-0.3202515244483948,0.8876479268074036,0.3943374752998352,0.437457830038722,0.576324318766818,-0.6659059304780707,1.4030039979227582,0,1
35,1.1666666666666667,-0.32911616563796997,0.8818269968032837,0.4060509204864502,0.49065820311910924,2.701236479989449,-0.6316542649292958,1.2653279813070857,0,1
36,1.2,-0.3395664691925049,0.8813369870185852,0.4207365810871124,0.6175402620380186,4.068435900956215,-0.581550731724265,1.5930068401064357,0,1
37,1.2333333333333334,-0.3517313301563263,0.8868879079818726,0.440452516078949,0.7618872631828569,4.154002061438421,-0.5254538089222001,1.4668305610815708,0,1
38,1.2666666666666666,-0.3650442659854889,0.901347815990448,0.46467697620391846,0.89447373280058,3.1546068995790746,-0.48376202765216025,1.2941316647818504,0,1
39,1.3,-0.3794667422771454,0.9273845553398132,0.49324145913124084,0.9721943898214619,-0.01769126208214178,-0.43917836460341003,3.047720561159334,0,1
40,1.3333333333333333,-0.39260247349739075,0.9602645039558411,0.5233392715454102,0.8932943153284372,-1.888306076169991,-0.28058065690820466,4.008100976950958,0,1
41,1.3666666666666667,-0.3959577679634094,0.9931212663650513,0.5504655838012695,0.8463073180767958,-0.8314306008008976,-0.1719716328066795,0.5792949569357395,0,1
42,1.4,-0.40225744247436523,1.0193378925323486,0.5789275169372559,0.8378656086083773,-1.2743842392132498,-0.2419609931124887,-2.137869690041519,0,0
43,1.4333333333333333,-0.4093416631221771,1.0342278480529785,0.6046961545944214,0.7613483687959125,-1.6266298343291403,-0.3144962788094474,-2.426119930788096,0,0
44,1.4666666666666666,-0.4179583489894867,1.0389844179153442,0.6271945834159851,0.7294236196531013,-2.4194882230082917,-0.4037023218316951,-1.675789319195732,0,0
45,1.5,-0.4284440875053406,1.0336694717407227,0.6494153141975403,0.6000491539286931,-4.803575683017594,-0.42621556675582956,-0.3696284925271051,0,0
46,1.5333333333333334,-0.43449681997299194,1.0174572467803955,0.6636190414428711,0.40918524078526175,-4.45822266994127,-0.4283442213335021,-2.164807050194451,0,0
47,1.5666666666666667,-0.43977484107017517,0.9903645515441895,0.6742298007011414,0.30283430926594174,-2.7106290597676863,-0.5705360367687929,-6.081400978028758,0,0
48,1.6,-0.44540053606033325,0.9569261074066162,0.6806102991104126,0.22847663680074934,-0.9322274869437613,-0.8337709532020859,-6.909016842457961,1,0
49,1.6333333333333333,-0.45105352997779846,0.9267066121101379,0.6844668984413147,0.24068581013635765,1.2179148638138144,-1.0311371595993237,-2.133592942708999,1,0
50,1.6666666666666667,-0.45916590094566345,0.9044927358627319,0.6888552904129028,0.30967096105500364,2.0187117435886672,-0.9760104827160192,2.326015046165204,1,0
51,1.7,-0.4681529104709625,0.8920499086380005,0.6960347890853882,0.3752665930422688,2.521635301606192,-0.8760694898549768,1.289899048536371,1,0
52,1.7333333333333334,-0.4783852696418762,0.8913501501083374,0.7048710584640503,0.4777799811620831,4.253090940414313,-0.8900172128135945,-0.4990007955306264,1,0
53,1.7666666666666666,-0.49290454387664795,0.9045155644416809,0.7160823941230774,0.6588059890698896,6.310791871253742,-0.9093362095570185,0.16694027834523173,1,0
54,1.8,-0.513042688369751,0.9297126531600952,0.7318500280380249,0.8984994392456659,6.465649718236449,-0.8788878609239124,0.939966625538074,1,0
55,1.8333333333333333,-0.5390293002128601,0.9607024788856506,0.7542990446090698,1.0898493036189862,3.8683873538565288,-0.8466717678544803,0.479275772152844,1,0
56,1.8666666666666667,-0.5674682855606079,0.9869782328605652,0.7799835801124573,1.1563919295027678,0.8612236626602843,-0.8469361427803894,-0.4650228033274917,1,0
57,1.9,-0.5967914462089539,1.0046015977859497,0.8053562045097351,1.1472642144630052,-0.7608163473928442,-0.8776732880763131,-1.0728132652849443,0,0
58,1.9333333333333333,-0.6263041496276855,1.0150172710418701,0.828852653503418,1.1056708396765782,-2.3473497682268563,-0.918457027132719,-1.770670785794813,0,0
59,1.9666666666666666,-0.655367374420166,1.0209479331970215,0.8501024842262268,0.9907742299145481,-2.7070362537835004,-0.9957180071293006,-2.719413741318273,0,0
60,2.0,-0.6817313432693481,1.023600697517395,0.8647781610488892,0.9252017560910115,-0.8607502870160744,-1.0997512765539372,-2.379111626665049,0,0
61,2.033333333333333,-0.7103301882743835,1.0201321840286255,0.8780940175056458,0.9333908774468098,-0.13629612355252896,-1.1543254489069705,-1.5676293895303972,0,0
62,2.066666666666667,-0.7386384606361389,1.006844162940979,0.8899508118629456,0.9161153478541763,-1.2702377020836448,-1.2042599025226304,-1.9165215776309508,0,0
63,2.1,-0.7673476338386536,0.9846373200416565,0.8999820947647095,0.8487083639745668,-2.4021809509611587,-1.2820935540823672,-1.941874886431637,0,0
64,2.1333333333333333,-0.7928773760795593,0.9553443193435669,0.9060598015785217,0.7559699511234323,-1.8089879228085088,-1.3337182282847395,0.5092239749884064,0,1
65,2.1666666666666665,-0.816335916519165,0.9329050779342651,0.9118187427520752,0.7281091691206663,-0.12407570776393428,-1.2481452890831402,4.16175710786015,0,1
66,2.2,-0.8389132022857666,0.9199540615081787,0.9214511513710022,0.7476982372725034,1.365972311764495,-1.0562677544273962,5.89977272929237,0,1
67,2.2333333333333334,-0.8597285747528076,0.9145621061325073,0.9363494515419006,0.8191739899049659,2.26672541215308,-0.8548271071303155,5.730265751379827,0,1
68,2.2666666666666666,-0.8801153302192688,0.9137712121009827,0.9572954177856445,0.8988132647493754,1.6949495079248156,-0.674250037668741,5.220087641646172,0,1
69,2.3,-0.8971378803253174,0.9100325107574463,0.9831581711769104,0.9321706237666203,1.6439555938048178,-0.5068212643539041,4.670739182558946,0,1
70,2.3333333333333335,-0.9102804064750671,0.9015665054321289,1.0116280317306519,1.0084103043363633,3.131026377859385,-0.36286742549814466,2.992437405383805,1,1
71,2.3666666666666667,-0.9210006594657898,0.8972510099411011,1.0460078716278076,1.1409057156239126,2.620491505487994,-0.3073254373283171,1.3506289479018498,1,0
72,2.4,-0.9332894682884216,0.909461259841919,1.0841246843338013,1.1831097380355629,0.6275707592402047,-0.27282549563802133,0.6028751027673949,1,0
73,2.433333333333333,-0.9422535300254822,0.9379081130027771,1.1219645738601685,1.1827437662399263,-0.20948506044607962,-0.26713376381049075,-1.7940077183237557,0,0
74,2.466666666666667,-0.9541032314300537,0.9672576785087585,1.1601775884628296,1.1691440673391575,-2.9127835838444893,-0.3924260101929384,-1.8989335370929412,0,0
75,2.5,-0.9720613360404968,0.9908851981163025,1.1939826011657715,0.988558193983627,-3.8368095932213198,-0.39372933295002016,1.6012854847465687,0,0
76,2.533333333333333,-0.9793862700462341,1.0032774209976196,1.221038818359375,0.9133567611244029,0.9715395484211442,-0.2856736445431671,1.494170974816952,0,0
77,2.566666666666667,-0.9892204999923706,1.0055259466171265,1.2524052858352661,1.0533274972117033,3.660642070648902,-0.29411793462889,-0.7068375361718424,0,0
78,2.6,-0.9997432827949524,0.9973405003547668,1.2882452011108398,1.1573995658343297,2.4276428495815727,-0.3327961469546233,-1.0230714786415995,0,0
79,2.6333333333333333,-1.014427661895752,0.9828472137451172,1.325331687927246,1.2151703538504748,-1.6232277538222828,-0.3623226998716633,-0.035652812966534275,1,0
80,2.6666666666666665,-1.028457522392273,0.9667172431945801,1.363996982574463,1.0491843822461775,-6.802350183652023,-0.33517300115239224,-0.2143735375053027,1,0
81,2.7,-1.0374350547790527,0.9719942808151245,1.3913850784301758,0.7616803416070066,-7.15192234094348,-0.3766142690386835,-2.109758333873615,0,0
82,2.7333333333333334,-1.0471326112747192,0.9882195591926575,1.4112168550491333,0.5723895595166122,-3.8859928045969934,-0.4758235567439666,-3.744586094680976,0,0
83,2.7666666666666666,-1.0549147129058838,1.002936840057373,1.4253054857254028,0.5026141546338737,0.47525735281892467,-0.6262533420174152,-3.0343267672473164,0,0
84,2.8,-1.0667718648910522,1.0046857595443726,1.4383656978607178,0.6040733830378738,3.5883061202135176,-0.6781120078937877,0.5379310358680672,0,0
85,2.8333333333333335,-1.0801780223846436,0.9963451623916626,1.4566673040390015,0.7418345626481082,3.6598435539428644,-0.5903912729595441,0.7915226420132954,0,0
86,2.8666666666666667,-1.0943031311035156,0.9796209931373596,1.4794496297836304,0.8480629533007314,-0.29812338454905163,-0.625343831759568,-0.1685468318097083,0,0
87,2.9,-1.1132737398147583,0.9558910727500916,1.5025057792663574,0.7219596703448381,-5.935637352897696,-0.6016277284135246,3.9395526365925955,1,1
88,2.933333333333333,-1.121544361114502,0.9417746663093567,1.5191292762756348,0.4523537964408851,-7.8842746983400955,-0.3627069893200616,-0.3001298634008981,1,1
89,2.966666666666667,-1.1239736080169678,0.9532342553138733,1.53070068359375,0.1963413571221651,-4.523155063375922,-0.6216363859735845,-20.985794944343507,0,0
90,3.0,-1.1291671991348267,0.9702068567276001,1.529770016670227,0.15081012554915688,1.0055643503332197,-1.7617599856096287,-26.154905570817128,0,0
91,3.033333333333333,-1.1338448524475098,0.9815019369125366,1.528792381286621,0.2633789804777131,2.990534718776995,-2.365296757361393,-10.440196519137393,0,0
92,3.066666666666667,-1.1414694786071777,0.987581729888916,1.5172417163848877,0.35017910680095654,-0.517269426463393,-2.457773086885455,13.447143021412248,0,0
93,3.1,-1.1485934257507324,0.9818450212478638,1.5106959342956543,0.2288943520468202,-1.3704861447755363,-1.4688205559339098,27.878866265183728,0,0
94,3.1333333333333333,-1.1566498279571533,0.9664416313171387,1.518795132637024,0.2588133638159208,-0.19394882894976026,-0.5991820025398732,23.752225860292743,0,1
95,3.1666666666666665,-1.1583242416381836,0.9635000824928284,1.5249444246292114,0.2159644301168362,2.2377490185322007,0.11466116808560643,14.818833299287796,0,1
96,3.2,-1.1550025939941406,0.9780771136283875,1.5330982208251953,0.4079966317180675,5.1988113584147,0.3887402174126466,3.130027596298946,0,1
97,3.2333333333333334,-1.1480149030685425,0.9862555265426636,1.5501147508621216,0.5625518540111495,3.0892649169363646,0.3233296745055362,-3.302103349528075,0,1
98,3.2666666666666666,-1.1430867910385132,0.9779001474380493,1.5686583518981934,0.6139476261804918,0.27328876719411144,0.16859999411077492,-5.190578313537438,0,1
99,3.3,-1.1411467790603638,0.9558457732200623,1.5904642343521118,0.5807711051574236,-2.6083528746439346,-0.022708879730293036,1.3713786469149423,0,1
100,3.3333333333333335,-1.1439659595489502,0.9301100969314575,1.6073664426803589,0.44005743453756285,-0.7009013169832612,0.26002523723843773,12.891319942530838,0,1
101,3.3666666666666667,-1.1336040496826172,0.9153991937637329,1.6188151836395264,0.5340443506918728,2.9886224774027736,0.8367124497717628,7.5909072914427975,0,1
102,3.4,-1.117532730102539,0.9213792085647583,1.631217122077942,0.6392989330310811,1.5638146513366054,0.7660857233346242,-0.6954599770917991,0,1
103,3.433333333333333,-1.1040548086166382,0.9454127550125122,1.6495283842086792,0.6382986607809799,-0.8072774000184751,0.7903484512989762,4.493531493682704,0,1
104,3.466666666666667,-1.0872944593429565,0.9750850796699524,1.661157488822937,0.5854804396965161,-1.5666047379036625,1.0656544895801379,5.06762528790389,0,0
105,3.5,-1.0698976516723633,0.9992234110832214,1.66841721534729,0.5338583449207357,-1.3312652903302111,1.1281901371592356,-2.739266057387759,0,0
106,3.533333333333333,-1.0551334619522095,1.014461636543274,1.6764007806777954,0.4967294203411687,0.04243597757556172,0.8830367524209539,-8.304291003311134,0,0
107,3.566666666666667,-1.044310450553894,1.0193570852279663,1.689439058303833,0.5366874100924398,2.1757192982693048,0.5745707369384934,-6.445224222772517,0,0
108,3.6,-1.0356884002685547,1.0139093399047852,1.706434726715088,0.6417773735591223,2.373121835081169,0.4533551375694528,0.9417117338755887,0,0
109,3.6333333333333333,-1.0255712270736694,1.0011415481567383,1.7279021739959717,0.6948955324311844,1.0965489254667438,0.637351519196866,9.448530678913697,0,1
110,3.6666666666666665,-1.0081210136413574,0.9882001876831055,1.7436660528182983,0.7148806352569053,-0.0534958093472343,1.0832571828303659,10.501704334896832,0,1
111,3.7,-0.983465313911438,0.9910896420478821,1.7502280473709106,0.6913291451413688,-1.1037257347059959,1.3374651415233214,5.586646921037064,0,0
112,3.7333333333333334,-0.9632813334465027,0.997824490070343,1.7543226480484009,0.6412989196098389,-0.16187719529240918,1.4557003108995035,1.7747202298133702,0,0
113,3.7666666666666666,-0.940994918346405,0.9975469708442688,1.7551379203796387,0.6805373321218748,0.7909996617796095,1.4557798235108794,-3.22294169205028,0,0
114,3.8,-0.9182119369506836,0.985741138458252,1.7595293521881104,0.6940322303951462,0.8393097397672472,1.2408375314294848,-5.189449481599372,0,0
115,3.8333333333333335,-0.8972220420837402,0.9631089568138123,1.7701292037963867,0.7364913147730247,1.3045950229304237,1.109816524737588,-0.024431161740747775,0,0
116,3.8666666666666667,-0.8742376565933228,0.9462188482284546,1.7813700437545776,0.7810052319238411,1.0289471871740659,1.239208787313435,5.671396627624213,1,1
117,3.9,-0.8479912877082825,0.9510331749916077,1.7870793342590332,0.8050877939179624,0.47633207774376074,1.4879096332458688,6.17588149246986,0,1
118,3.933333333333333,-0.8207494020462036,0.9722827672958374,1.7858136892318726,0.8127607037734251,0.5512421451883415,1.650934220144759,3.985824371143023,0,1
119,3.966666666666667,-0.79398113489151,0.9971187114715576,1.7827417850494385,0.8418372702638518,-0.214160955590722,1.753631257988737,2.1487845223798696,0,1
120,4.0,-0.7655623555183411,1.0160844326019287,1.7756096124649048,0.7984833067340437,-2.1241608719179927,1.7941865216367503,-1.3625218873451328,0,0
121,4.033333333333333,-0.7420716285705566,1.0250585079193115,1.770948886871338,0.700226545469319,-1.1067238849444117,1.6627964654990615,-5.047919147565949,0,0
122,4.066666666666666,-0.719078004360199,1.0257563591003418,1.7713209390640259,0.7247017144044162,1.5949625873321789,1.457658578465687,-3.624469604840521,0,0
123,4.1,-0.6940670609474182,1.0146106481552124,1.7764033079147339,0.8065573846247975,1.8683500453990776,1.4211651585096934,1.8576370397160669,0,1
124,4.133333333333334,-0.6659083366394043,0.9936189651489258,1.77933669090271,0.8492583840976881,1.5786097504681114,1.5815010477800915,5.622903273303651,0,1
125,4.166666666666667,-0.6374530792236328,0.966157853603363,1.7757972478866577,0.911798034656005,1.2218530127882832,1.7960253767299368,4.461442967179273,0,1
126,4.2,-0.606657087802887,0.9350892901420593,1.7657612562179565,0.9307152516169069,-1.143123452033918,1.8789305789253763,-0.21374410334079386,1,1
127,4.233333333333333,-0.5783277750015259,0.9092608690261841,1.7569793462753296,0.8355898045204104,-1.6977330413324843,1.7817757698405505,-3.7811819885488607,1,0
128,4.266666666666667,-0.5521863102912903,0.8918688893318176,1.754095435142517,0.817533048861408,0.996616743831662,1.6268517796887856,-3.108789297941267,1,1
129,4.3,-0.52391117811203,0.8848409056663513,1.7539258003234863,0.9020309207758546,3.2399417962792447,1.5745231499777994,-0.4443437429809072,1,1
130,4.333333333333333,-0.4920513331890106,0.8862442374229431,1.7538713216781616,1.0335291686133576,3.7006083508681034,1.5972288634900584,0.9877838607078337,1,0
131,4.366666666666666,-0.4550333023071289,0.8913363218307495,1.7521047592163086,1.1487381441670614,1.9245608474050258,1.6403754073583217,0.9473446325982782,1,0
132,4.4,-0.41565409302711487,0.8969120979309082,1.748547077178955,1.161833225107026,-0.8546496698069406,1.6603851723299436,0.15317142165312214,1,0
133,4.433333333333334,-0.37788838148117065,0.902417004108429,1.7451748847961426,1.0917614995132654,-1.3640369023629784,1.6505868354685298,-0.405861242738651,1,0
134,4.466666666666667,-0.3431015610694885,0.9094815850257874,1.7427457571029663,1.0708974316161608,0.42055776570640857,1.633327756147367,0.0945126530129603,1,0
135,4.5,-0.3066347539424896,0.9219988584518433,1.7407134771347046,1.1197986838936926,0.7288100175869516,1.6568876790027272,1.4605249235578732,1,0
136,4.533333333333333,-0.26872479915618896,0.942615807056427,1.7363266944885254,1.1194847661219576,-1.0717426712716327,1.7306960843845585,2.0619626701084384,1,0
137,4.566666666666666,-0.2329545021057129,0.9707881808280945,1.7288305759429932,1.0483491724755838,-2.207406776325357,1.7943518570099564,1.8738572478727877,0,0
138,4.6,-0.20057404041290283,1.0000464916229248,1.7208322286605835,0.9723243143669338,-0.7799794305805213,1.855619900909411,2.172940259985449,0,0
139,4.633333333333334,-0.17074446380138397,1.023895263671875,1.7106164693832397,0.9963505437702157,3.3747192117481384,1.9392145410089863,0.9571152040600861,0,0
140,4.666666666666667,-0.13860780000686646,1.0364032983779907,1.6969105005264282,1.197305595150143,4.432745762304903,1.9194275811800834,-0.4152059936855601,0,0
141,4.7,-0.09572599083185196,1.0364865064620972,1.6833488941192627,1.291866927923876,-0.4864767860844499,1.911534141429949,0.7890229868225651,0,0
142,4.733333333333333,-0.057434774935245514,1.0283355712890625,1.6681292057037354,1.1648738094111797,-3.1210117107224344,1.972029113634921,2.374243605539829,0,0
143,4.766666666666667,-0.02423533797264099,1.0144342184066772,1.6530191898345947,1.0837994805423803,-0.7368108312273924,2.0698170484659375,3.3941982640180957,0,1
144,4.8,0.006007351912558079,1.00190007686615,1.6335512399673462,1.1157530873293535,0.7813912459669448,2.198308997902794,2.698037448476156,0,1
145,4.833333333333333,0.03597742319107056,0.9978760480880737,1.6093461513519287,1.13589223027351,-0.4620877335458673,2.2496862116976812,0.3354244926087868,0,1
146,4.866666666666666,0.06494276225566864,0.9964321255683899,1.5860005617141724,1.0849472384262957,-1.1224349614002338,2.22067063074338,-1.9096794583719556,0,1
147,4.9,0.0935635194182396,0.9926614761352539,1.5655803680419922,1.0610632328468277,-0.32594807008046955,2.1223742478062175,-3.2063415357943925,0,0
148,4.933333333333334,0.12518984079360962,0.9784360527992249,1.5489318370819092,1.0632173670875977,-1.3980534311974742,2.006914528357087,-1.9113926667873016,0,1
149,4.966666666666667,0.15781007707118988,0.9592686891555786,1.535638451576233,0.9678596707669961,-3.4201104238542883,1.9949480700203974,1.53254269308706,0,1
150,5.0,0.18399623036384583,0.9370695948600769,1.5223771333694458,0.8352100054973118,-2.3167645803569363,2.1090840412295577,2.518313790215947,0,1
151,5.033333333333333,0.2056168168783188,0.9150735139846802,1.507092833518982,0.8134086987432003,-0.20860110401638932,2.162835656034794,-0.7137771936746384,0,1
152,5.066666666666666,0.2289942353963852,0.8998891711235046,1.4921153783798218,0.8213032652295525,-0.3363524923289185,2.061498894984582,-3.844003977402697,0,1
153,5.1,0.25390955805778503,0.8967711925506592,1.4812904596328735,0.7909851992546058,-0.5824960917918287,1.9065687242079474,-4.669749463398537,0,1
154,5.133333333333334,0.27878180146217346,0.9045555591583252,1.4747401475906372,0.7824701924434306,-0.4305871051744109,1.750182264091346,-4.001134319125641,0,1
155,5.166666666666667,0.30523717403411865,0.9200659990310669,1.4719829559326172,0.7622793922429784,-1.5278027031042407,1.639826436266238,-2.649607113299488,0,1
156,5.2,0.3294793963432312,0.9399911165237427,1.471234917640686,0.6806166789031479,-1.8442917148531985,1.5735417898713802,-2.0888927182919526,0,1
157,5.233333333333333,0.35061144828796387,0.9608319401741028,1.4718583822250366,0.6393266112527651,-0.41627973908855587,1.5005669217134412,-2.059960774765263,0,1
158,5.266666666666667,0.37199610471725464,0.979279100894928,1.4742257595062256,0.6528646962972442,0.049955895754950075,1.436211071553696,-1.784028155231323,0,1
159,5.3,0.393742173910141,0.993415355682373,1.4776984453201294,0.6426570043030951,-0.745451969743624,1.3816317113646863,-1.5335870173851884,0,1
160,5.333333333333333,0.414075642824173,1.0021350383758545,1.482282042503357,0.6031678983143359,-0.5571212809311199,1.33397193706135,-0.9880079947542431,0,1
161,5.366666666666666,0.4328309893608093,1.0055005550384521,1.4871326684951782,0.6055155855743538,1.0910886700723577,1.3157645117144035,0.1542802988123071,0,1
162,5.4,0.45313766598701477,1.0038862228393555,1.492465853691101,0.6759071429858264,0.23905098211498832,1.344257290315504,0.39416351536419203,0,1
163,5.433333333333334,0.47674015164375305,0.9985555410385132,1.4972535371780396,0.621452317715353,-0.6587465463612774,1.3420420794053496,1.053122103100378,0,1
164,5.466666666666667,0.4934885501861572,0.9913282990455627,1.5018607378005981,0.6319907065617413,2.518481082824648,1.4144654305221958,2.3947467883758145,0,1
165,5.5,0.5183590650558472,0.984306812286377,1.50381338596344,0.7893510565703296,2.8258756011533515,1.5016918652970705,1.775057222496459,1,1
166,5.533333333333333,0.5459863543510437,0.9780641198158264,1.5054943561553955,0.820382413305298,-0.30160640215980306,1.5328025786886263,0.8784370732849478,1,1
167,5.566666666666666,0.5730117559432983,0.9779043793678284,1.5058908462524414,0.7692439630930094,-2.3380892456809046,1.5602543368494004,1.2804119684318571,1,1
168,5.6,0.597266435623169,0.9762256741523743,1.5060349702835083,0.6645097969265711,-2.6144429168203103,1.6181633765840835,2.4969942930970714,1,1
169,5.633333333333334,0.6172627210617065,0.9766929149627686,1.5037932395935059,0.594947768638322,-1.5156585654018884,1.7267206230558718,2.9023265217515872,1,0
170,5.666666666666667,0.6364484429359436,0.9781414866447449,1.499875545501709,0.5634658925664452,-1.4447989099940073,1.8116518113675226,2.2697799111016206,1,0
171,5.7,0.653742790222168,0.9813955426216125,1.4948328733444214,0.4986278413053882,-2.26692304237955,1.8780392837959798,1.2973736786526013,1,0
172,5.733333333333333,0.6681336164474487,0.9847325682640076,1.4898221492767334,0.4123376897411419,-2.5404717332664744,1.8981433899443627,-0.39155088871638766,1,0
173,5.766666666666667,0.6797722578048706,0.9870098829269409,1.4859942197799683,0.3292630590876232,-2.3212372051343357,1.8519358912148873,-1.9107480780698327,1,0
174,5.8,0.6892226934432983,0.9882493615150452,1.4837318658828735,0.2575885427321862,-2.256393739997536,1.7707601847397072,-2.140582241083241,1,0
175,5.833333333333333,0.6966026425361633,0.9886073470115662,1.4825831651687622,0.17883680975445415,-2.4275652025780525,1.7092304084760046,0.5839781119069709,1,0
176,5.866666666666666,0.7010310888290405,0.9883882999420166,1.4820866584777832,0.09575086256031602,-1.5855783250732038,1.8096920588668386,10.080935454372517,1,1
177,5.9,0.7028047442436218,0.9880008101463318,1.4810726642608643,0.07313158808290723,0.21510099750843303,2.381292772100839,13.177100286263782,1,1
178,5.933333333333334,0.7043909430503845,0.9890650510787964,1.4785537719726562,0.11009092906087822,0.6396834750675936,2.688165411284424,6.434757070935533,1,1
179,5.966666666666667,0.7060197591781616,0.9903651475906372,1.4744749069213867,0.11577715308741347,-0.14906778553973385,2.8102765768298745,2.79127984676546,1,1
180,6.0,0.7069016695022583,0.9913235902786255,1.4712550640106201,0.10015307669156263,-0.46872229187552517,2.8742507344021213,1.9192247271674034,1,1
